{"stat.useItem.20":86,"stat.useItem.42":54,"stat.useItem.276":4,"stat.walkOneCm":34235,"achievement.openInventory":29,"stat.useItem.2258":2,"stat.useItem.2259":2,"stat.useItem.2256":1,"stat.mobKills":4,"stat.killEntity.shincolle:EntityDestroyerI":4,"stat.useItem.69":2,"stat.flyOneCm":33963,"stat.jump":217,"stat.swimOneCm":1129,"stat.playOneMinute":16669,"stat.useItem.2264":1,"stat.damageDealt":510,"stat.useItem.2265":1,"stat.useItem.2266":1,"stat.useItem.2267":2,"stat.useItem.2260":1,"stat.useItem.2261":1,"stat.useItem.2262":1,"stat.useItem.2263":2,"achievement.exploreAllBiomes":{"value":0,"progress":["Plains"]},"stat.diveOneCm":448}