{"stat.useItem.20":135,"stat.useItem.276":327,"stat.walkOneCm":1043942,"stat.useItem.278":20,"stat.horseOneCm":4842,"stat.leaveGame":4,"stat.killEntity.Slime":15,"stat.jump":1215,"stat.swimOneCm":14450,"stat.useItem.323":15,"stat.fallOneCm":807,"achievement.exploreAllBiomes":{"value":0,"progress":["Plains"]},"stat.useItem.42":366,"stat.killEntity.Skeleton":1,"stat.useItem.89":44,"stat.useItem.85":72,"achievement.openInventory":197,"stat.killEntity.Chicken":1,"stat.mobKills":151,"stat.useItem.383":690,"stat.flyOneCm":1792235,"stat.useItem.7":871,"stat.useItem.145":2,"stat.drop":50,"stat.useItem.96":5,"stat.playOneMinute":812593,"stat.useItem.1":1,"stat.killEntity.Sheep":72,"stat.useItem.3":64,"stat.damageDealt":35410,"stat.killEntity.Cow":3,"stat.killEntity.Pig":2,"stat.diveOneCm":83000}