{"stat.useItem.276":3,"stat.flyOneCm":287,"stat.walkOneCm":10825,"stat.drop":9,"stat.jump":17,"stat.useItem.84":1,"stat.playOneMinute":12799,"achievement.openInventory":26,"stat.fallOneCm":394,"stat.useItem.2257":1,"stat.useItem.2258":2,"stat.useItem.2259":2,"stat.damageTaken":10,"stat.damageDealt":270,"stat.useItem.2265":1,"stat.useItem.2266":1,"stat.useItem.2256":1,"stat.useItem.2267":1,"stat.useItem.2261":2,"stat.mobKills":3,"stat.killEntity.shincolle:EntityDestroyerI":3,"achievement.exploreAllBiomes":{"value":0,"progress":["Plains"]}}