{"stat.useItem.20":38,"stat.useItem.276":181,"stat.walkOneCm":431594,"stat.useItem.278":20,"stat.horseOneCm":4842,"stat.leaveGame":1,"stat.killEntity.Slime":9,"stat.killEntity.shincolle:EntityDestroyerI":46,"stat.jump":431,"stat.swimOneCm":507,"achievement.exploreAllBiomes":{"value":0,"progress":["Plains"]},"stat.killEntity.Skeleton":1,"achievement.openInventory":121,"stat.killEntity.Chicken":1,"stat.mobKills":75,"stat.useItem.383":541,"stat.flyOneCm":488688,"stat.useItem.7":1,"stat.useItem.145":2,"stat.drop":42,"stat.playOneMinute":344133,"stat.useItem.1":1,"stat.killEntity.Sheep":14,"stat.useItem.3":27,"stat.damageDealt":19165,"stat.killEntity.Cow":3,"stat.diveOneCm":2637}